
<entities xmlns:xsd="http://www.w3.org/2001/XMLSchema" xmlns:xsi="http://www.w3.org/2001/XMLSchema-instance" timestamp="2024-07-20T01:27:35.2488619Z">
  <entity name="contoso_listingfeetype" displayname="Listing Fee Type">
    <records>
      <record id="f10029a1-2830-ef11-8409-0022480bc9e8">
        <field name="createdby" value="72e4c188-ce6f-ee11-9ae7-000d3a5c4619" lookupentity="systemuser" lookupentityname="Scott Durow" />
        <field name="createdon" value="2024-06-21T23:47:34.0000000Z" />
        <field name="contoso_listingfeetypeid" value="f10029a1-2830-ef11-8409-0022480bc9e8" />
        <field name="modifiedby" value="72e4c188-ce6f-ee11-9ae7-000d3a5c4619" lookupentity="systemuser" lookupentityname="Scott Durow" />
        <field name="modifiedon" value="2024-06-21T23:47:34.0000000Z" />
        <field name="contoso_name" value="Cleaning" />
        <field name="ownerid" value="72e4c188-ce6f-ee11-9ae7-000d3a5c4619" lookupentity="systemuser" lookupentityname="Scott Durow" />
        <field name="owningbusinessunit" value="1695c982-ce6f-ee11-9ae7-000d3a5c4619" lookupentity="businessunit" lookupentityname="org7d5630ad" />
        <field name="owninguser" value="72e4c188-ce6f-ee11-9ae7-000d3a5c4619" lookupentity="systemuser" />
        <field name="statecode" value="0" />
        <field name="statuscode" value="1" />
      </record>
      <record id="40eea9b1-2830-ef11-8409-0022480bc9e8">
        <field name="createdby" value="72e4c188-ce6f-ee11-9ae7-000d3a5c4619" lookupentity="systemuser" lookupentityname="Scott Durow" />
        <field name="createdon" value="2024-06-21T23:48:01.0000000Z" />
        <field name="contoso_listingfeetypeid" value="40eea9b1-2830-ef11-8409-0022480bc9e8" />
        <field name="modifiedby" value="72e4c188-ce6f-ee11-9ae7-000d3a5c4619" lookupentity="systemuser" lookupentityname="Scott Durow" />
        <field name="modifiedon" value="2024-06-21T23:48:01.0000000Z" />
        <field name="contoso_name" value="Service" />
        <field name="ownerid" value="72e4c188-ce6f-ee11-9ae7-000d3a5c4619" lookupentity="systemuser" lookupentityname="Scott Durow" />
        <field name="owningbusinessunit" value="1695c982-ce6f-ee11-9ae7-000d3a5c4619" lookupentity="businessunit" lookupentityname="org7d5630ad" />
        <field name="owninguser" value="72e4c188-ce6f-ee11-9ae7-000d3a5c4619" lookupentity="systemuser" />
        <field name="statecode" value="0" />
        <field name="statuscode" value="1" />
      </record>
      <record id="9c74dcbe-2830-ef11-8409-0022480bc9e8">
        <field name="createdby" value="72e4c188-ce6f-ee11-9ae7-000d3a5c4619" lookupentity="systemuser" lookupentityname="Scott Durow" />
        <field name="createdon" value="2024-06-21T23:48:24.0000000Z" />
        <field name="contoso_listingfeetypeid" value="9c74dcbe-2830-ef11-8409-0022480bc9e8" />
        <field name="modifiedby" value="72e4c188-ce6f-ee11-9ae7-000d3a5c4619" lookupentity="systemuser" lookupentityname="Scott Durow" />
        <field name="modifiedon" value="2024-06-21T23:48:24.0000000Z" />
        <field name="contoso_name" value="Occupancy" />
        <field name="ownerid" value="72e4c188-ce6f-ee11-9ae7-000d3a5c4619" lookupentity="systemuser" lookupentityname="Scott Durow" />
        <field name="owningbusinessunit" value="1695c982-ce6f-ee11-9ae7-000d3a5c4619" lookupentity="businessunit" lookupentityname="org7d5630ad" />
        <field name="owninguser" value="72e4c188-ce6f-ee11-9ae7-000d3a5c4619" lookupentity="systemuser" />
        <field name="statecode" value="0" />
        <field name="statuscode" value="1" />
      </record>
    </records>
    <m2mrelationships />
  </entity>
  <entity name="transactioncurrency" displayname="Currency">
    <records>
      <record id="dedcdf92-f96f-ee11-9ae7-000d3a5c4619">
        <field name="createdonbehalfby" value="5aab08ac-262a-4674-ac72-1f3212b206eb" lookupentity="systemuser" lookupentityname="SYSTEM" />
        <field name="isocurrencycode" value="USD" />
        <field name="currencyname" value="US Dollar (Base)" />
        <field name="currencyprecision" value="2" />
        <field name="currencysymbol" value="$" />
        <field name="exchangerate" value="1.000000000000" />
        <field name="statecode" value="0" />
        <field name="statuscode" value="1" />
        <field name="transactioncurrencyid" value="dedcdf92-f96f-ee11-9ae7-000d3a5c4619" />
      </record>
      <record id="f92df32d-3246-ef11-a316-0022480bc9e8">
        <field name="isocurrencycode" value="EUR" />
        <field name="currencyname" value="Euros" />
        <field name="currencyprecision" value="2" />
        <field name="currencysymbol" value="€" />
        <field name="exchangerate" value="1.000000000000" />
        <field name="statecode" value="0" />
        <field name="statuscode" value="1" />
        <field name="transactioncurrencyid" value="f92df32d-3246-ef11-a316-0022480bc9e8" />
      </record>
    </records>
    <m2mrelationships />
  </entity>
</entities>